{
    "mean_intensity": {
        "min": 10.533428192138672,
        "max": 99.93098958333331,
        "mean": 45.178973227117524,
        "std": 11.560665047195624
    },
    "std_intensity": {
        "min": 46.523074631769305,
        "max": 105.90756657221112,
        "mean": 76.38180591357781,
        "std": 7.880981861662289
    },
    "variance": {
        "min": 2164.396473193177,
        "max": 11216.412657247332,
        "mean": 5896.262210058403,
        "std": 1206.8981878372463
    },
    "entropy": {
        "min": 0.5239701408884266,
        "max": 4.429403697732603,
        "mean": 2.482133574942824,
        "std": 0.5336814514202534
    },
    "edge_count": {
        "min": 1800.0,
        "max": 42782.0,
        "mean": 19434.863247863246,
        "std": 6812.081653557728
    },
    "glcm_contrast": {
        "min": 38.17055253180038,
        "max": 799.8471211472603,
        "mean": 288.0634792566549,
        "std": 133.29869212658866
    },
    "glcm_homogeneity": {
        "min": 0.5750781227099178,
        "max": 0.9763392339350772,
        "mean": 0.787166345031194,
        "std": 0.05783950021678392
    }
}